pan,ventas,panaderia
Pan de trigo,100,Panadería del Sol
Pan de centeno,75,Panadería La Espiga
Pan integral,120,Panadería El Molino
Pan de ajo,90,Panadería La Delicia
Pan de maíz,60,Panadería La Tradición
Pan francés,110,Panadería La Baguette
Pan de queso,85,Panadería Delicias Caseras
Pan de masa madre,95,Panadería Artesanal
Pan de semillas,70,Panadería La Granja
Pan dulce,105,Panadería La Flor
Pan de nueces,80,Panadería El Nogal
Pan sin gluten,65,Panadería Saludable
Pan de cebolla,115,Panadería La Cebollita
Pan de pasas,55,Panadería La Rústica
Pan de aceitunas,70,Panadería Mediterránea
Pan de espelta,85,Panadería Campo y Cereal
Pan de linaza,75,Panadería Naturalia
Pan de kamut,90,Panadería Del Trigo Antiguo
Pan de batata,100,Panadería Dulce Hogar
Pan de centeno integral,110,Panadería Granos Saludables
Pan de soja,95,Panadería Vegana
Pan de tomate,80,Panadería La Huerta
Pan de papa,120,Panadería La Granja
Pan de calabaza,65,Panadería Naranja y Verde
Pan de avena,105,Panadería La Aveñita
Pan de alforfón,75,Panadería Libre de Gluten
Pan de trigo sarraceno,90,Panadería Sin Alérgenos
Pan de espelta integral,70,Panadería La Espiga Dorada
Pan de centeno con pasas,85,Panadería Los Frutos
Pan de algarroba,100,Panadería Sabor Natural
Pan de nuez moscada,55,Panadería La Especiada
Pan de masa madre integral,115,Panadería El Artesano
Pan de semillas de girasol,65,Panadería Sol Brillante
Pan de amapola,110,Panadería Flor de Amapola
Pan de cúrcuma,80,Panadería Amarillo Dorado
Pan de chía,90,Panadería La Chíata
Pan de albahaca,75,Panadería Verde Aroma
Pan de espárragos,105,Panadería Tierra Fértil
Pan de batata y coco,120,Panadería Tropical
Pan de almendras,65,Panadería Almendra Fresca
Pan de pistachos,100,Panadería Pistacho Real
Pan de trigo y centeno,85,Panadería Grano Mixto
Pan de avena y miel,95,Panadería La Abeja
Pan de pasas y nueces,70,Panadería Frutas Secas
Pan de arroz,110,Panadería Arrozal
Pan de arroz integral,80,Panadería Granos Dorados
Pan de teff,90,Panadería Teff Dorado
Pan de maíz y queso,105,Panadería Queso y Maíz
Pan de albahaca y tomate,65,Panadería Italiana